source,year,ceremony,category,nominee (person),title,winner
golden globes,2015,73,Best Motion Picture - Musical or Comedy,,"Big Short, The",FALSE
golden globes,2015,73,Best Performance by an Actor in a Motion Picture - Musical or Comedy,Christian Bale,"Big Short, The",FALSE
golden globes,2015,73,Best Performance by an Actor in a Motion Picture - Musical or Comedy,Steve Carell,"Big Short, The",FALSE
golden globes,2015,73,Best Screenplay - Motion Picture,"Charles Randolph, Adam McKay","Big Short, The",FALSE
golden globes,2015,73,Best Performance by an Actress in a Motion Picture - Drama,Saoirse Ronan,Brooklyn,FALSE
golden globes,2015,73,Best Motion Picture - Drama,,Carol,FALSE
golden globes,2015,73,Best Performance by an Actress in a Motion Picture - Drama,Cate Blanchett,Carol,FALSE
golden globes,2015,73,Best Performance by an Actress in a Motion Picture - Drama,Rooney Mara,Carol,FALSE
golden globes,2015,73,Best Director - Motion Picture,Todd Haynes,Carol,FALSE
golden globes,2015,73,Best Performance by an Actor in a Motion Picture - Drama,Will Smith,Concussion,FALSE
golden globes,2015,73,Best Performance by an Actor in a Motion Picture - Musical or Comedy,Al Pacino,Danny Collins,FALSE
golden globes,2015,73,Best Performance by an Actress in a Motion Picture - Musical or Comedy,Lily Tomlin,Grandma,FALSE
golden globes,2015,73,Best Performance by an Actor in a Motion Picture - Musical or Comedy,Mark Ruffalo,Infinitely Polar Bear,FALSE
golden globes,2015,73,Best Motion Picture - Musical or Comedy,,Joy,FALSE
golden globes,2015,73,Best Performance by an Actress in a Motion Picture - Musical or Comedy,Jennifer Lawrence,Joy,TRUE
golden globes,2015,73,Best Performance by an Actress in a Motion Picture - Musical or Comedy,Maggie Smith,"Lady in the Van, The",FALSE
golden globes,2015,73,Best Motion Picture - Drama,,Mad Max: Fury Road,FALSE
golden globes,2015,73,Best Director - Motion Picture,George Miller,Mad Max: Fury Road,FALSE
golden globes,2015,73,Best Motion Picture - Drama,,Room,FALSE
golden globes,2015,73,Best Performance by an Actress in a Motion Picture - Drama,Brie Larson,Room,TRUE
golden globes,2015,73,Best Screenplay - Motion Picture,Emma Donoghue,Room,FALSE
golden globes,2015,73,Best Motion Picture - Drama,,Spotlight,FALSE
golden globes,2015,73,Best Director - Motion Picture,Tom McCarthy,Spotlight,FALSE
golden globes,2015,73,Best Screenplay - Motion Picture,"Tom McCarthy, Josh Singer",Spotlight,FALSE
golden globes,2015,73,Best Motion Picture - Musical or Comedy,,Spy,FALSE
golden globes,2015,73,Best Performance by an Actress in a Motion Picture - Musical or Comedy,Melissa McCarthy,Spy,FALSE
golden globes,2015,73,Best Performance by an Actor in a Motion Picture - Drama,Michael Fassbender,Steve Jobs,FALSE
golden globes,2015,73,Best Screenplay - Motion Picture,Aaron Sorkin,Steve Jobs,TRUE
golden globes,2015,73,Best Performance by an Actress in a Motion Picture - Drama,Alicia Vikander,The Danish Girl,FALSE
golden globes,2015,73,Best Performance by an Actor in a Motion Picture - Drama,Eddie Redmayne,The Danish Girl,FALSE
golden globes,2015,73,Best Screenplay - Motion Picture,Quentin Tarantino,The Hateful Eight,FALSE
golden globes,2015,73,Best Motion Picture - Musical or Comedy,,The Martian,TRUE
golden globes,2015,73,Best Performance by an Actor in a Motion Picture - Musical or Comedy,Matt Damon,The Martian,TRUE
golden globes,2015,73,Best Director - Motion Picture,Ridley Scott,The Martian,FALSE
golden globes,2015,73,Best Motion Picture - Drama,,The Revenant,TRUE
golden globes,2015,73,Best Performance by an Actor in a Motion Picture - Drama,Leonardo DiCaprio,The Revenant,TRUE
golden globes,2015,73,Best Director - Motion Picture,Alejandro González Iñárritu,The Revenant,TRUE
golden globes,2015,73,Best Motion Picture - Musical or Comedy,,Trainwreck,FALSE
golden globes,2015,73,Best Performance by an Actress in a Motion Picture - Musical or Comedy,Amy Schumer,Trainwreck,FALSE
golden globes,2015,73,Best Performance by an Actor in a Motion Picture - Drama,Bryan Cranston,Trumbo,FALSE
golden globes,2016,74,Best Motion Picture - Musical or Comedy,,20th Century Women,FALSE
golden globes,2016,74,Best Performance by an Actress in a Motion Picture - Musical or Comedy,Annette Bening,20th Century Women,FALSE
golden globes,2016,74,Best Performance by an Actress in a Motion Picture - Drama,Amy Adams,Arrival,FALSE
golden globes,2016,74,Best Performance by an Actor in a Motion Picture - Drama,Viggo Mortensen,Captain Fantastic,FALSE
golden globes,2016,74,Best Motion Picture - Musical or Comedy,,Deadpool,FALSE
golden globes,2016,74,Best Performance by an Actor in a Motion Picture - Musical or Comedy,Ryan Reynolds,Deadpool,FALSE
golden globes,2016,74,Best Performance by an Actress in a Motion Picture - Drama,Isabelle Huppert,Elle,TRUE
golden globes,2016,74,Best Performance by an Actor in a Motion Picture - Drama,Denzel Washington,Fences,FALSE
golden globes,2016,74,Best Motion Picture - Musical or Comedy,,Florence Foster Jenkins,FALSE
golden globes,2016,74,Best Performance by an Actress in a Motion Picture - Musical or Comedy,Meryl Streep,Florence Foster Jenkins,FALSE
golden globes,2016,74,Best Performance by an Actor in a Motion Picture - Musical or Comedy,Hugh Grant,Florence Foster Jenkins,FALSE
golden globes,2016,74,Best Motion Picture - Drama,,Hacksaw Ridge,FALSE
golden globes,2016,74,Best Performance by an Actor in a Motion Picture - Drama,Andrew Garfield,Hacksaw Ridge,FALSE
golden globes,2016,74,Best Director - Motion Picture,Mel Gibson,Hacksaw Ridge,FALSE
golden globes,2016,74,Best Motion Picture - Drama,,Hell or High Water,FALSE
golden globes,2016,74,Best Screenplay - Motion Picture,Taylor Sheridan,Hell or High Water,FALSE
golden globes,2016,74,Best Performance by an Actress in a Motion Picture - Drama,Natalie Portman,Jackie,FALSE
golden globes,2016,74,Best Motion Picture - Musical or Comedy,,La La Land,TRUE
golden globes,2016,74,Best Performance by an Actress in a Motion Picture - Musical or Comedy,Emma Stone,La La Land,TRUE
golden globes,2016,74,Best Performance by an Actor in a Motion Picture - Musical or Comedy,Ryan Gosling,La La Land,TRUE
golden globes,2016,74,Best Director - Motion Picture,Damien Chazelle,La La Land,TRUE
golden globes,2016,74,Best Screenplay - Motion Picture,Damien Chazelle,La La Land,TRUE
golden globes,2016,74,Best Motion Picture - Drama,,Lion,FALSE
golden globes,2016,74,Best Performance by an Actress in a Motion Picture - Drama,Ruth Negga,Loving,FALSE
golden globes,2016,74,Best Performance by an Actor in a Motion Picture - Drama,Joel Edgerton,Loving,FALSE
golden globes,2016,74,Best Motion Picture - Drama,,Manchester by the Sea,FALSE
golden globes,2016,74,Best Performance by an Actor in a Motion Picture - Drama,Casey Affleck,Manchester by the Sea,TRUE
golden globes,2016,74,Best Director - Motion Picture,Kenneth Lonergan,Manchester by the Sea,FALSE
golden globes,2016,74,Best Screenplay - Motion Picture,Kenneth Lonergan,Manchester by the Sea,FALSE
golden globes,2016,74,Best Performance by an Actress in a Motion Picture - Drama,Jessica Chastain,Miss Sloane,FALSE
golden globes,2016,74,Best Motion Picture - Drama,,Moonlight,TRUE
golden globes,2016,74,Best Director - Motion Picture,Barry Jenkins,Moonlight,FALSE
golden globes,2016,74,Best Screenplay - Motion Picture,Barry Jenkins,Moonlight,FALSE
golden globes,2016,74,Best Director - Motion Picture,Tom Ford,Nocturnal Animals,FALSE
golden globes,2016,74,Best Screenplay - Motion Picture,Tom Ford,Nocturnal Animals,FALSE
golden globes,2016,74,Best Performance by an Actress in a Motion Picture - Musical or Comedy,Lily Collins,Rules Don't Apply,FALSE
golden globes,2016,74,Best Motion Picture - Musical or Comedy,,Sing Street,FALSE
golden globes,2016,74,Best Performance by an Actress in a Motion Picture - Musical or Comedy,Hailee Steinfeld,The Edge of Seventeen,FALSE
golden globes,2016,74,Best Performance by an Actor in a Motion Picture - Musical or Comedy,Colin Farrell,The Lobster,FALSE
golden globes,2016,74,Best Performance by an Actor in a Motion Picture - Musical or Comedy,Jonah Hill,War Dogs,FALSE
golden globes,2017,75,Best Performance by an Actress in a Motion Picture - Drama,Michelle Williams,All The Money In The World,FALSE
golden globes,2017,75,Best Director - Motion Picture,Ridley Scott,All The Money In The World,FALSE
golden globes,2017,75,Best Performance by an Actor in a Motion Picture - Musical or Comedy,Ansel Elgort,Baby Driver,FALSE
golden globes,2017,75,Best Performance by an Actress in a Motion Picture - Musical or Comedy,Emma Stone,Battle of the Sexes,FALSE
golden globes,2017,75,Best Performance by an Actor in a Motion Picture - Musical or Comedy,Steve Carell,Battle of the Sexes,FALSE
golden globes,2017,75,Best Motion Picture - Drama,,Call Me By Your Name,FALSE
golden globes,2017,75,Best Performance by an Actor in a Motion Picture - Drama,Timothée Chalamet,Call Me By Your Name,FALSE
golden globes,2017,75,Best Performance by an Actor in a Motion Picture - Drama,Gary Oldman,Darkest Hour,TRUE
golden globes,2017,75,Best Motion Picture - Musical or Comedy,,"Disaster Artist, The",FALSE
golden globes,2017,75,Best Performance by an Actor in a Motion Picture - Musical or Comedy,James Franco,"Disaster Artist, The",TRUE
golden globes,2017,75,Best Motion Picture - Drama,,Dunkirk,FALSE
golden globes,2017,75,Best Director - Motion Picture,Christopher Nolan,Dunkirk,FALSE
golden globes,2017,75,Best Motion Picture - Musical or Comedy,,Get Out,FALSE
golden globes,2017,75,Best Performance by an Actor in a Motion Picture - Musical or Comedy,Daniel Kaluuya,Get Out,FALSE
golden globes,2017,75,Best Motion Picture - Musical or Comedy,,"I, Tonya",FALSE
golden globes,2017,75,Best Performance by an Actress in a Motion Picture - Musical or Comedy,Margot Robbie,"I, Tonya",FALSE
golden globes,2017,75,Best Motion Picture - Musical or Comedy,,Lady Bird,TRUE
golden globes,2017,75,Best Performance by an Actress in a Motion Picture - Musical or Comedy,Saoirse Ronan,Lady Bird,TRUE
golden globes,2017,75,Best Screenplay - Motion Picture,Greta Gerwig,Lady Bird,FALSE
golden globes,2017,75,Best Performance by an Actress in a Motion Picture - Musical or Comedy,Helen Mirren,"Leisure Seeker, The",FALSE
golden globes,2017,75,Best Performance by an Actress in a Motion Picture - Drama,Jessica Chastain,Molly's Game,FALSE
golden globes,2017,75,Best Screenplay - Motion Picture,Aaron Sorkin,Molly's Game,FALSE
golden globes,2017,75,Best Performance by an Actor in a Motion Picture - Drama,Daniel Day-Lewis,Phantom Thread,FALSE
golden globes,2017,75,Best Performance by an Actor in a Motion Picture - Drama,Denzel Washington,"Roman J. Israel, Esq.",FALSE
golden globes,2017,75,Best Motion Picture - Musical or Comedy,,The Greatest Showman,FALSE
golden globes,2017,75,Best Performance by an Actor in a Motion Picture - Musical or Comedy,Hugh Jackman,The Greatest Showman,FALSE
golden globes,2017,75,Best Motion Picture - Drama,,The Post,FALSE
golden globes,2017,75,Best Performance by an Actress in a Motion Picture - Drama,Meryl Streep,The Post,FALSE
golden globes,2017,75,Best Performance by an Actor in a Motion Picture - Drama,Tom Hanks,The Post,FALSE
golden globes,2017,75,Best Director - Motion Picture,Steven Spielberg,The Post,FALSE
golden globes,2017,75,Best Screenplay - Motion Picture,"Liz Hannah, Josh Singer",The Post,FALSE
golden globes,2017,75,Best Motion Picture - Drama,,The Shape of Water,FALSE
golden globes,2017,75,Best Performance by an Actress in a Motion Picture - Drama,Sally Hawkins,The Shape of Water,FALSE
golden globes,2017,75,Best Director - Motion Picture,Guillermo del Toro,The Shape of Water,TRUE
golden globes,2017,75,Best Screenplay - Motion Picture,"Guillermo del Toro, Vanessa Taylor",The Shape of Water,FALSE
golden globes,2017,75,Best Motion Picture - Drama,,"Three Billboards Outside Ebbing, Missouri",TRUE
golden globes,2017,75,Best Performance by an Actress in a Motion Picture - Drama,Frances McDormand,"Three Billboards Outside Ebbing, Missouri",TRUE
golden globes,2017,75,Best Director - Motion Picture,Martin McDonagh,"Three Billboards Outside Ebbing, Missouri",FALSE
golden globes,2017,75,Best Screenplay - Motion Picture,Martin McDonagh,"Three Billboards Outside Ebbing, Missouri",TRUE
golden globes,2017,75,Best Performance by an Actress in a Motion Picture - Musical or Comedy,Judi Dench,Victoria & Abdul,FALSE
golden globes,2018,76,Best Performance by an Actor in a Motion Picture - Drama,Willem Dafoe,At Eternity's Gate,FALSE
golden globes,2018,76,Best Motion Picture - Drama,,Black Panther,FALSE
golden globes,2018,76,Best Motion Picture - Drama,,BlacKkKlansman,FALSE
golden globes,2018,76,Best Performance by an Actor in a Motion Picture - Drama,John David Washington,BlacKkKlansman,FALSE
golden globes,2018,76,Best Director - Motion Picture,Spike Lee,BlacKkKlansman,FALSE
golden globes,2018,76,Best Motion Picture - Drama,,Bohemian Rhapsody,TRUE
golden globes,2018,76,Best Performance by an Actor in a Motion Picture - Drama,Rami Malek,Bohemian Rhapsody,TRUE
golden globes,2018,76,Best Performance by an Actor in a Motion Picture - Drama,Lucas Hedges,Boy Erased,FALSE
golden globes,2018,76,Best Performance by an Actress in a Motion Picture - Drama,Melissa McCarthy,Can You Ever Forgive Me?,FALSE
golden globes,2018,76,Best Motion Picture - Musical or Comedy,,Crazy Rich Asians,FALSE
golden globes,2018,76,Best Performance by an Actress in a Motion Picture - Musical or Comedy,Constance Wu,Crazy Rich Asians,FALSE
golden globes,2018,76,Best Performance by an Actress in a Motion Picture - Drama,Nicole Kidman,Destroyer,FALSE
golden globes,2018,76,Best Performance by an Actress in a Motion Picture - Musical or Comedy,Elsie Fisher,Eighth Grade,FALSE
golden globes,2018,76,Best Motion Picture - Musical or Comedy,,"Favourite, The",FALSE
golden globes,2018,76,Best Performance by an Actress in a Motion Picture - Musical or Comedy,Olivia Colman,"Favourite, The",TRUE
golden globes,2018,76,Best Screenplay - Motion Picture,"Deborah Davis, Tony McNamara","Favourite, The",FALSE
golden globes,2018,76,Best Motion Picture - Musical or Comedy,,Green Book,TRUE
golden globes,2018,76,Best Performance by an Actor in a Motion Picture - Musical or Comedy,Viggo Mortensen,Green Book,FALSE
golden globes,2018,76,Best Director - Motion Picture,Peter Farrelly,Green Book,FALSE
golden globes,2018,76,Best Screenplay - Motion Picture,"Nick Vallelonga, Brian Currie, Peter Farrelly",Green Book,TRUE
golden globes,2018,76,Best Motion Picture - Drama,,If Beale Street Could Talk,FALSE
golden globes,2018,76,Best Screenplay - Motion Picture,Barry Jenkins,If Beale Street Could Talk,FALSE
golden globes,2018,76,Best Motion Picture - Musical or Comedy,,Mary Poppins Returns,FALSE
golden globes,2018,76,Best Performance by an Actress in a Motion Picture - Musical or Comedy,Emily Blunt,Mary Poppins Returns,FALSE
golden globes,2018,76,Best Performance by an Actor in a Motion Picture - Musical or Comedy,Lin-Manuel Miranda,Mary Poppins Returns,FALSE
golden globes,2018,76,Best Performance by an Actor in a Motion Picture - Musical or Comedy,Robert Redford,"Old Man & the Gun, The",FALSE
golden globes,2018,76,Best Performance by an Actress in a Motion Picture - Drama,Rosamund Pike,"Private War, A",FALSE
golden globes,2018,76,Best Director - Motion Picture,Alfonso Cuarón,Roma,TRUE
golden globes,2018,76,Best Screenplay - Motion Picture,Alfonso Cuarón,Roma,FALSE
golden globes,2018,76,Best Performance by an Actor in a Motion Picture - Musical or Comedy,John C. Reilly,Stan & Ollie,FALSE
golden globes,2018,76,Best Motion Picture - Drama,,"Star Is Born, A (2018)",FALSE
golden globes,2018,76,Best Performance by an Actress in a Motion Picture - Drama,Lady Gaga,"Star Is Born, A (2018)",FALSE
golden globes,2018,76,Best Performance by an Actor in a Motion Picture - Drama,Bradley Cooper,"Star Is Born, A (2018)",FALSE
golden globes,2018,76,Best Director - Motion Picture,Bradley Cooper,"Star Is Born, A (2018)",FALSE
golden globes,2018,76,Best Performance by an Actress in a Motion Picture - Musical or Comedy,Charlize Theron,Tully,FALSE
golden globes,2018,76,Best Motion Picture - Musical or Comedy,,Vice,FALSE
golden globes,2018,76,Best Performance by an Actor in a Motion Picture - Musical or Comedy,Christian Bale,Vice,TRUE
golden globes,2018,76,Best Director - Motion Picture,Adam McKay,Vice,FALSE
golden globes,2018,76,Best Screenplay - Motion Picture,Adam McKay,Vice,FALSE
golden globes,2018,76,Best Performance by an Actress in a Motion Picture - Drama,Glenn Close,"Wife, The",TRUE
golden globes,2019,77,Best Motion Picture - Drama,,1917,TRUE
golden globes,2019,77,Best Director - Motion Picture,Sam Mendes,1917,TRUE
golden globes,2019,77,Best Performance by an Actress in a Motion Picture - Drama,Charlize Theron,Bombshell,FALSE
golden globes,2019,77,Best Performance by an Actress in a Motion Picture - Musical or Comedy,Beanie Feldstein,Booksmart,FALSE
golden globes,2019,77,Best Motion Picture - Musical or Comedy,,Dolemite Is My Name,FALSE
golden globes,2019,77,Best Performance by an Actor in a Motion Picture - Musical or Comedy,Eddie Murphy,Dolemite Is My Name,FALSE
golden globes,2019,77,Best Performance by an Actress in a Motion Picture - Musical or Comedy,Awkwafina,"Farewell, The",TRUE
golden globes,2019,77,Best Performance by an Actor in a Motion Picture - Drama,Christian Bale,Ford v Ferrari,FALSE
golden globes,2019,77,Best Performance by an Actress in a Motion Picture - Drama,Cynthia Erivo,Harriet,FALSE
golden globes,2019,77,Best Motion Picture - Drama,,"Irishman, The",FALSE
golden globes,2019,77,Best Director - Motion Picture,Martin Scorsese,"Irishman, The",FALSE
golden globes,2019,77,Best Screenplay - Motion Picture,Steven Zaillian,"Irishman, The",FALSE
golden globes,2019,77,Best Motion Picture - Musical or Comedy,,Jojo Rabbit,FALSE
golden globes,2019,77,Best Performance by an Actor in a Motion Picture - Musical or Comedy,Roman Griffin Davis,Jojo Rabbit,FALSE
golden globes,2019,77,Best Motion Picture - Drama,,Joker,FALSE
golden globes,2019,77,Best Performance by an Actor in a Motion Picture - Drama,Joaquin Phoenix,Joker,TRUE
golden globes,2019,77,Best Director - Motion Picture,Todd Phillips,Joker,FALSE
golden globes,2019,77,Best Performance by an Actress in a Motion Picture - Drama,Renée Zellweger,Judy,TRUE
golden globes,2019,77,Best Motion Picture - Musical or Comedy,,Knives Out,FALSE
golden globes,2019,77,Best Performance by an Actress in a Motion Picture - Musical or Comedy,Ana de Armas,Knives Out,FALSE
golden globes,2019,77,Best Performance by an Actor in a Motion Picture - Musical or Comedy,Daniel Craig,Knives Out,FALSE
golden globes,2019,77,Best Performance by an Actress in a Motion Picture - Musical or Comedy,Emma Thompson,Late Night,FALSE
golden globes,2019,77,Best Performance by an Actress in a Motion Picture - Drama,Saoirse Ronan,Little Women,FALSE
golden globes,2019,77,Best Motion Picture - Drama,,Marriage Story,FALSE
golden globes,2019,77,Best Performance by an Actress in a Motion Picture - Drama,Scarlett Johansson,Marriage Story,FALSE
golden globes,2019,77,Best Performance by an Actor in a Motion Picture - Drama,Adam Driver,Marriage Story,FALSE
golden globes,2019,77,Best Screenplay - Motion Picture,Noah Baumbach,Marriage Story,FALSE
golden globes,2019,77,Best Motion Picture - Musical or Comedy,,Once Upon a Time...in Hollywood,TRUE
golden globes,2019,77,Best Performance by an Actor in a Motion Picture - Musical or Comedy,Leonardo DiCaprio,Once Upon a Time...in Hollywood,FALSE
golden globes,2019,77,Best Director - Motion Picture,Quentin Tarantino,Once Upon a Time...in Hollywood,FALSE
golden globes,2019,77,Best Screenplay - Motion Picture,Quentin Tarantino,Once Upon a Time...in Hollywood,TRUE
golden globes,2019,77,Best Performance by an Actor in a Motion Picture - Drama,Antonio Banderas,Pain and Glory,FALSE
golden globes,2019,77,Best Director - Motion Picture,Bong Joon Ho,Parasite,FALSE
golden globes,2019,77,Best Screenplay - Motion Picture,"Bong Joon Ho, Han Jin Won",Parasite,FALSE
golden globes,2019,77,Best Motion Picture - Musical or Comedy,,Rocketman,FALSE
golden globes,2019,77,Best Performance by an Actor in a Motion Picture - Musical or Comedy,Taron Egerton,Rocketman,TRUE
golden globes,2019,77,Best Motion Picture - Drama,,"Two Popes, The",FALSE
golden globes,2019,77,Best Performance by an Actor in a Motion Picture - Drama,Jonathan Pryce,"Two Popes, The",FALSE
golden globes,2019,77,Best Screenplay - Motion Picture,Anthony McCarten,"Two Popes, The",FALSE
golden globes,2019,77,Best Performance by an Actress in a Motion Picture - Musical or Comedy,Cate Blanchett,"Where'd You Go, Bernadette",FALSE
golden globes,2020,78,Best Motion Picture - Musical or Comedy,,Borat Subsequent Moviefilm,TRUE
golden globes,2020,78,Best Performance by an Actress in a Motion Picture - Musical or Comedy,Maria Bakalova,Borat Subsequent Moviefilm,FALSE
golden globes,2020,78,Best Performance by an Actor in a Motion Picture - Musical or Comedy,Sacha Baron Cohen,Borat Subsequent Moviefilm,TRUE
golden globes,2020,78,Best Performance by an Actress in a Motion Picture - Musical or Comedy,Anya Taylor-Joy,Emma.,FALSE
golden globes,2020,78,Best Motion Picture - Drama,,"Father, The",FALSE
golden globes,2020,78,Best Performance by an Actor in a Motion Picture - Drama,Anthony Hopkins,"Father, The",FALSE
golden globes,2020,78,Best Screenplay - Motion Picture,"Florian Zeller, Christopher Hampton","Father, The",FALSE
golden globes,2020,78,Best Performance by an Actress in a Motion Picture - Musical or Comedy,Michelle Pfeiffer,French Exit,FALSE
golden globes,2020,78,Best Motion Picture - Musical or Comedy,,Hamilton,FALSE
golden globes,2020,78,Best Performance by an Actor in a Motion Picture - Musical or Comedy,Lin-Manuel Miranda,Hamilton,FALSE
golden globes,2020,78,Best Performance by an Actress in a Motion Picture - Musical or Comedy,Rosamund Pike,I Care A Lot,TRUE
golden globes,2020,78,Best Performance by an Actress in a Motion Picture - Drama,Viola Davis,Ma Rainey's Black Bottom,FALSE
golden globes,2020,78,Best Performance by an Actor in a Motion Picture - Drama,Chadwick Boseman,Ma Rainey's Black Bottom,TRUE
golden globes,2020,78,Best Motion Picture - Drama,,Mank,FALSE
golden globes,2020,78,Best Performance by an Actor in a Motion Picture - Drama,Gary Oldman,Mank,FALSE
golden globes,2020,78,Best Director - Motion Picture,David Fincher,Mank,FALSE
golden globes,2020,78,Best Screenplay - Motion Picture,Jack Fincher,Mank,FALSE
golden globes,2020,78,Best Performance by an Actor in a Motion Picture - Drama,Tahar Rahim,"Mauritanian, The",FALSE
golden globes,2020,78,Best Motion Picture - Musical or Comedy,,Music,FALSE
golden globes,2020,78,Best Performance by an Actress in a Motion Picture - Musical or Comedy,Kate Hudson,Music,FALSE
golden globes,2020,78,Best Motion Picture - Drama,,Nomadland,TRUE
golden globes,2020,78,Best Performance by an Actress in a Motion Picture - Drama,Frances McDormand,Nomadland,FALSE
golden globes,2020,78,Best Director - Motion Picture,Chloe Zhao,Nomadland,TRUE
golden globes,2020,78,Best Screenplay - Motion Picture,Chloe Zhao,Nomadland,FALSE
golden globes,2020,78,Best Director - Motion Picture,Regina King,One Night in Miami...,FALSE
golden globes,2020,78,Best Motion Picture - Musical or Comedy,,Palm Springs,FALSE
golden globes,2020,78,Best Performance by an Actor in a Motion Picture - Musical or Comedy,Andy Samberg,Palm Springs,FALSE
golden globes,2020,78,Best Performance by an Actor in a Motion Picture - Musical or Comedy,Dev Patel,"Personal History of David Copperfield, The",FALSE
golden globes,2020,78,Best Performance by an Actress in a Motion Picture - Drama,Vanessa Kirby,Pieces of a Woman,FALSE
golden globes,2020,78,Best Motion Picture - Musical or Comedy,,"Prom, The",FALSE
golden globes,2020,78,Best Performance by an Actor in a Motion Picture - Musical or Comedy,James Corden,"Prom, The",FALSE
golden globes,2020,78,Best Motion Picture - Drama,,Promising Young Woman,FALSE
golden globes,2020,78,Best Performance by an Actress in a Motion Picture - Drama,Carey Mulligan,Promising Young Woman,FALSE
golden globes,2020,78,Best Director - Motion Picture,Emerald Fennell,Promising Young Woman,FALSE
golden globes,2020,78,Best Screenplay - Motion Picture,Emerald Fennell,Promising Young Woman,FALSE
golden globes,2020,78,Best Performance by an Actor in a Motion Picture - Drama,Riz Ahmed,Sound of Metal,FALSE
golden globes,2020,78,Best Motion Picture - Drama,,"Trial of the Chicago 7, The",FALSE
golden globes,2020,78,Best Director - Motion Picture,Aaron Sorkin,"Trial of the Chicago 7, The",FALSE
golden globes,2020,78,Best Screenplay - Motion Picture,Aaron Sorkin,"Trial of the Chicago 7, The",TRUE
golden globes,2020,78,Best Performance by an Actress in a Motion Picture - Drama,Andra Day,"United States vs. Billie Holiday, The",TRUE
golden globes,2021,79,Best Performance by an Actress in a Motion Picture - Musical or Comedy,Marion Cotillard,Annette,FALSE
golden globes,2021,79,Best Performance by an Actress in a Motion Picture - Drama,Nicole Kidman,Being the Ricardoss,TRUE
golden globes,2021,79,Best Performance by an Actor in a Motion Picture - Drama,Javier Bardem,Being the Ricardoss,FALSE
golden globes,2021,79,Best Screenplay - Motion Picture,Aaron Sorkin,Being the Ricardoss,FALSE
golden globes,2021,79,Best Motion Picture - Drama,,Belfast,FALSE
golden globes,2021,79,Best Director - Motion Picture,Kenneth Branagh,Belfast,FALSE
golden globes,2021,79,Best Screenplay - Motion Picture,Kenneth Branagh,Belfast,TRUE
golden globes,2021,79,Best Motion Picture - Drama,,CODA,FALSE
golden globes,2021,79,Best Performance by an Actress in a Motion Picture - Musical or Comedy,Emma Stone,Cruella,FALSE
golden globes,2021,79,Best Motion Picture - Musical or Comedy,,Cyrano,FALSE
golden globes,2021,79,Best Performance by an Actor in a Motion Picture - Musical or Comedy,Peter Dinklage,Cyrano,FALSE
golden globes,2021,79,Best Motion Picture - Musical or Comedy,,Don't Look Up,FALSE
golden globes,2021,79,Best Performance by an Actress in a Motion Picture - Musical or Comedy,Jennifer Lawrence,Don't Look Up,FALSE
golden globes,2021,79,Best Performance by an Actor in a Motion Picture - Musical or Comedy,Leonardo DiCaprio,Don't Look Up,FALSE
golden globes,2021,79,Best Screenplay - Motion Picture,Adam McKay,Don't Look Up,FALSE
golden globes,2021,79,Best Motion Picture - Drama,,Dune,FALSE
golden globes,2021,79,Best Director - Motion Picture,Denis Villeneuve ,Dune,FALSE
golden globes,2021,79,Best Performance by an Actress in a Motion Picture - Drama,Jessica Chastain,"Eyes of Tammy Faye, The",FALSE
golden globes,2021,79,Best Performance by an Actress in a Motion Picture - Drama,Lady Gaga,House of Gucci,FALSE
golden globes,2021,79,Best Performance by an Actor in a Motion Picture - Musical or Comedy,Anthony Ramos,In the Heights,FALSE
golden globes,2021,79,Best Motion Picture - Drama,,King Richard,FALSE
golden globes,2021,79,Best Performance by an Actor in a Motion Picture - Drama,Will Smith,King Richard,TRUE
golden globes,2021,79,Best Motion Picture - Musical or Comedy,,Licorice Pizza,FALSE
golden globes,2021,79,Best Performance by an Actress in a Motion Picture - Musical or Comedy,Alana Haim,Licorice Pizza,FALSE
golden globes,2021,79,Best Performance by an Actor in a Motion Picture - Musical or Comedy,Cooper Hoffman,Licorice Pizza,FALSE
golden globes,2021,79,Best Screenplay - Motion Picture,Paul Thomas Anderson,Licorice Pizza,FALSE
golden globes,2021,79,Best Performance by an Actress in a Motion Picture - Drama,Olivia Colman,"Lost Daughter, The",FALSE
golden globes,2021,79,Best Director - Motion Picture,Maggie Gyllenhaal,"Lost Daughter, The",FALSE
golden globes,2021,79,Best Motion Picture - Drama,,"Power of the Dog, The",TRUE
golden globes,2021,79,Best Performance by an Actor in a Motion Picture - Drama,Benedict Cumberbatch,"Power of the Dog, The",FALSE
golden globes,2021,79,Best Director - Motion Picture,Jane Campion,"Power of the Dog, The",TRUE
golden globes,2021,79,Best Screenplay - Motion Picture,Jane Campion,"Power of the Dog, The",FALSE
golden globes,2021,79,Best Performance by an Actress in a Motion Picture - Drama,Kristen Stewart,Spencer,FALSE
golden globes,2021,79,Best Performance by an Actor in a Motion Picture - Drama,Mahershala Ali,Swan Song,FALSE
golden globes,2021,79,Best Motion Picture - Musical or Comedy,,"tick, tick...BOOM!",FALSE
golden globes,2021,79,Best Performance by an Actor in a Motion Picture - Musical or Comedy,Andrew Garfield,"tick, tick...BOOM!",TRUE
golden globes,2021,79,Best Performance by an Actor in a Motion Picture - Drama,Denzel Washington,"Tragedy of Macbeth, The",FALSE
golden globes,2021,79,Best Motion Picture - Musical or Comedy,,West Side Story,TRUE
golden globes,2021,79,Best Performance by an Actress in a Motion Picture - Musical or Comedy,Rachel Zegler,West Side Story,TRUE
golden globes,2021,79,Best Director - Motion Picture,Steven Spielberg ,West Side Story,FALSE
golden globes,2022,80,Best Motion Picture - Drama,,Avatar: The Way of Water,FALSE
golden globes,2022,80,Best Director - Motion Picture,James Cameron,Avatar: The Way of Water,FALSE
golden globes,2022,80,Best Motion Picture - Musical or Comedy,,Babylon,FALSE
golden globes,2022,80,Best Performance by an Actress in a Motion Picture - Musical or Comedy,Margot Robbie,Babylon,FALSE
golden globes,2022,80,Best Performance by an Actor in a Motion Picture - Musical or Comedy,Diego Calva,Babylon,FALSE
golden globes,2022,80,Best Motion Picture - Musical or Comedy,,"Banshees of Inisherin, The",TRUE
golden globes,2022,80,Best Performance by an Actor in a Motion Picture - Musical or Comedy,Colin Farrell,"Banshees of Inisherin, The",TRUE
golden globes,2022,80,Best Director - Motion Picture,Martin McDonagh,"Banshees of Inisherin, The",FALSE
golden globes,2022,80,Best Screenplay - Motion Picture,Martin McDonagh,"Banshees of Inisherin, The",TRUE
golden globes,2022,80,Best Performance by an Actress in a Motion Picture - Drama,Ana de Armas,Blonde,FALSE
golden globes,2022,80,Best Motion Picture - Drama,,Elvis,FALSE
golden globes,2022,80,Best Performance by an Actor in a Motion Picture - Drama,Austin Butler,Elvis,TRUE
golden globes,2022,80,Best Director - Motion Picture,Bax Luhrmann,Elvis,FALSE
golden globes,2022,80,Best Performance by an Actress in a Motion Picture - Drama,Olivia Colman,Empire of Light,FALSE
golden globes,2022,80,Best Motion Picture - Musical or Comedy,,Everything Everywhere All at Once,FALSE
golden globes,2022,80,Best Performance by an Actress in a Motion Picture - Musical or Comedy,Michelle Yeoh,Everything Everywhere All at Once,TRUE
golden globes,2022,80,Best Director - Motion Picture,"Daniel Kwan, Daniel Scheinert",Everything Everywhere All at Once,FALSE
golden globes,2022,80,Best Screenplay - Motion Picture,"Daniel Kwan, Daniel Scheinert",Everything Everywhere All at Once,FALSE
golden globes,2022,80,Best Motion Picture - Drama,,"Fabelmans, The",TRUE
golden globes,2022,80,Best Performance by an Actress in a Motion Picture - Drama,Michelle Williams,"Fabelmans, The",FALSE
golden globes,2022,80,Best Director - Motion Picture,Steven Spielberg,"Fabelmans, The",TRUE
golden globes,2022,80,Best Screenplay - Motion Picture,"Steven Spielberg, Tony Kushner","Fabelmans, The",FALSE
golden globes,2022,80,Best Motion Picture - Musical or Comedy,,Glass Onion: A Knives Out Mystery,FALSE
golden globes,2022,80,Best Performance by an Actor in a Motion Picture - Musical or Comedy,Daniel Craig,Glass Onion: A Knives Out Mystery,FALSE
golden globes,2022,80,Best Performance by an Actress in a Motion Picture - Musical or Comedy,Emma Thomspon,"Good Luck to You, Leo Grande",FALSE
golden globes,2022,80,Best Performance by an Actor in a Motion Picture - Drama,Jeremy Pope,"Inspection, The",FALSE
golden globes,2022,80,Best Performance by an Actor in a Motion Picture - Drama,Mill Nighy,Living,FALSE
golden globes,2022,80,Best Performance by an Actress in a Motion Picture - Musical or Comedy,Anya Taylor-Joy,"Menu, The",FALSE
golden globes,2022,80,Best Performance by an Actor in a Motion Picture - Musical or Comedy,Ralph Fiennes,"Menu, The",FALSE
golden globes,2022,80,Best Performance by an Actress in a Motion Picture - Musical or Comedy,Lesley Manville,Mrs. Harris Goes to Paris,FALSE
golden globes,2022,80,Best Performance by an Actor in a Motion Picture - Drama,Hugh Jackman,"Son, The",FALSE
golden globes,2022,80,Best Motion Picture - Drama,,TAR,FALSE
golden globes,2022,80,Best Performance by an Actress in a Motion Picture - Drama,Cate Blanchett,TAR,TRUE
golden globes,2022,80,Best Screenplay - Motion Picture,Todd Field,TAR,FALSE
golden globes,2022,80,Best Motion Picture - Drama,,Top Gun: Maverick,FALSE
golden globes,2022,80,Best Motion Picture - Musical or Comedy,,Triangle of Sadness,FALSE
golden globes,2022,80,Best Performance by an Actor in a Motion Picture - Drama,Brendan Fraser,"Whale, The",FALSE
golden globes,2022,80,Best Performance by an Actor in a Motion Picture - Musical or Comedy,Adam Driver,White Noise,FALSE
golden globes,2022,80,Best Performance by an Actress in a Motion Picture - Drama,Viola Davis,"Woman King, The",FALSE
golden globes,2022,80,Best Screenplay - Motion Picture,Sarah Polley,Women Talking,FALSE
golden globes,2023,81,Best Motion Picture - Musical or Comedy,,Air,FALSE
golden globes,2023,81,Best Performance by an Actor in a Motion Picture - Musical or Comedy,Matt Damon,Air,FALSE
golden globes,2023,81,Best Performance by an Actor in a Motion Picture - Drama,Andrew Scott,All of Us Strangers,FALSE
golden globes,2023,81,Best Motion Picture - Musical or Comedy,,American Fiction,FALSE
golden globes,2023,81,Best Performance by an Actor in a Motion Picture - Musical or Comedy,Jeffrey Wright,American Fiction,FALSE
golden globes,2023,81,Best Motion Picture - Drama,,Anatomy of a Fall,FALSE
golden globes,2023,81,Best Performance by an Actress in a Motion Picture - Drama,Sandra Huller,Anatomy of a Fall,FALSE
golden globes,2023,81,Best Screenplay - Motion Picture,"Justine Triet, Arthur Harari",Anatomy of a Fall,TRUE
golden globes,2023,81,Best Motion Picture - Musical or Comedy,,Barbie,FALSE
golden globes,2023,81,Best Performance by an Actress in a Motion Picture - Musical or Comedy,Margot Robbie,Barbie,FALSE
golden globes,2023,81,Best Director - Motion Picture,Greta Gerwig,Barbie,FALSE
golden globes,2023,81,Best Screenplay - Motion Picture,"Greta Gerwig, Noah Baumbach",Barbie,FALSE
golden globes,2023,81,Best Performance by an Actor in a Motion Picture - Musical or Comedy,Joaquin Phoenix ,Beau is Afraid,FALSE
golden globes,2023,81,Best Performance by an Actor in a Motion Picture - Musical or Comedy,Nicolas Cage,Dream Scenario,FALSE
golden globes,2023,81,Best Performance by an Actress in a Motion Picture - Musical or Comedy,Alma Poysti,Fallen Leaves,FALSE
golden globes,2023,81,Best Motion Picture - Musical or Comedy,,"Holdovers, The",FALSE
golden globes,2023,81,Best Performance by an Actor in a Motion Picture - Musical or Comedy,Paul Giamatti,"Holdovers, The",TRUE
golden globes,2023,81,Best Motion Picture - Drama,,Killers of the Flower Moon,FALSE
golden globes,2023,81,Best Performance by an Actress in a Motion Picture - Drama,Lily Gladstone,Killers of the Flower Moon,TRUE
golden globes,2023,81,Best Performance by an Actor in a Motion Picture - Drama,Leonardo DiCaprio,Killers of the Flower Moon,FALSE
golden globes,2023,81,Best Director - Motion Picture,Martin Scorsese,Killers of the Flower Moon,FALSE
golden globes,2023,81,Best Screenplay - Motion Picture,"Eric Roth, Martin Scorsese",Killers of the Flower Moon,FALSE
golden globes,2023,81,Best Motion Picture - Drama,,Maestro,FALSE
golden globes,2023,81,Best Performance by an Actress in a Motion Picture - Drama,Carey Mulligan,Maestro,FALSE
golden globes,2023,81,Best Performance by an Actor in a Motion Picture - Drama,Bradley Cooper,Maestro,FALSE
golden globes,2023,81,Best Director - Motion Picture,Bradley Cooper,Maestro,FALSE
golden globes,2023,81,Best Motion Picture - Musical or Comedy,,May December,FALSE
golden globes,2023,81,Best Performance by an Actress in a Motion Picture - Musical or Comedy,Natalie Portman,May December,FALSE
golden globes,2023,81,Best Performance by an Actress in a Motion Picture - Musical or Comedy,Jennifer Lawrence ,No Hard Feelings,FALSE
golden globes,2023,81,Best Performance by an Actress in a Motion Picture - Drama,Annette Bening,Nyad,FALSE
golden globes,2023,81,Best Motion Picture - Drama,,Oppenheimer,TRUE
golden globes,2023,81,Best Performance by an Actor in a Motion Picture - Drama,Cillian Murphy,Oppenheimer,TRUE
golden globes,2023,81,Best Director - Motion Picture,Christopher Nolan,Oppenheimer,TRUE
golden globes,2023,81,Best Screenplay - Motion Picture,Christopher Nolan,Oppenheimer,FALSE
golden globes,2023,81,Best Motion Picture - Drama,,Past Lives,FALSE
golden globes,2023,81,Best Performance by an Actress in a Motion Picture - Drama,Greta Lee,Past Lives,FALSE
golden globes,2023,81,Best Director - Motion Picture,Celine Song,Past Lives,FALSE
golden globes,2023,81,Best Screenplay - Motion Picture,Celine Song,Past Lives,FALSE
golden globes,2023,81,Best Motion Picture - Musical or Comedy,,Poor Things,TRUE
golden globes,2023,81,Best Performance by an Actress in a Motion Picture - Musical or Comedy,Emma Stone,Poor Things,TRUE
golden globes,2023,81,Best Director - Motion Picture,Yorgos Lanthimos,Poor Things,FALSE
golden globes,2023,81,Best Screenplay - Motion Picture,Tony McNamara,Poor Things,FALSE
golden globes,2023,81,Best Performance by an Actress in a Motion Picture - Drama,Cailee Spaeny,Priscilla,FALSE
golden globes,2023,81,Best Performance by an Actor in a Motion Picture - Drama,Colman Domingo,Rustin,FALSE
golden globes,2023,81,Best Performance by an Actor in a Motion Picture - Drama,Barry Keoghan,Saltburn,FALSE
golden globes,2023,81,Best Performance by an Actress in a Motion Picture - Musical or Comedy,Fantasia Barrino,The Color Purple (2023),FALSE
golden globes,2023,81,Best Performance by an Actor in a Motion Picture - Musical or Comedy,Timothee Chalamet,Wonka,FALSE
golden globes,2023,81,Best Motion Picture - Drama,,"Zone of Interest, The",FALSE
golden globes,2024,82,Best Motion Picture - Drama,,September 5,FALSE
golden globes,2024,82,Best Motion Picture - Drama,,A Complete Unknown,FALSE
golden globes,2024,82,Best Performance by an Actor in a Motion Picture - Drama,Timothee Chalamet,A Complete Unknown,FALSE
golden globes,2024,82,Best Performance by an Actor in a Motion Picture - Musical or Comedy,Sebastian Stan,A Different Man,TRUE
golden globes,2024,82,Best Motion Picture - Musical or Comedy,,A Real Pain,FALSE
golden globes,2024,82,Best Performance by an Actor in a Motion Picture - Musical or Comedy,Jesse Eisenberg,A Real Pain,FALSE
golden globes,2024,82,Best Screenplay - Motion Picture,Jesse Eisenberg,A Real Pain,FALSE
golden globes,2024,82,Best Director - Motion Picture,Payal Kapadia,All We Imagine as Light,FALSE
golden globes,2024,82,Best Motion Picture - Musical or Comedy,,Anora,FALSE
golden globes,2024,82,Best Performance by an Actress in a Motion Picture - Musical or Comedy,Mikey Madison,Anora,FALSE
golden globes,2024,82,Best Director - Motion Picture,Sean Baker,Anora,FALSE
golden globes,2024,82,Best Screenplay - Motion Picture,Sean Baker,Anora,FALSE
golden globes,2024,82,Best Performance by an Actor in a Motion Picture - Drama,Sebastian Stan,"Apprentice, The",FALSE
golden globes,2024,82,Best Performance by an Actress in a Motion Picture - Drama,Nicole Kidman,Babygirl,FALSE
golden globes,2024,82,Best Motion Picture - Drama,,"Brutalist, The",TRUE
golden globes,2024,82,Best Performance by an Actor in a Motion Picture - Drama,Adrien Brody,"Brutalist, The",TRUE
golden globes,2024,82,Best Director - Motion Picture,Brady Corbet,"Brutalist, The",TRUE
golden globes,2024,82,Best Screenplay - Motion Picture,"Brady Corbet, Mona Fastvold","Brutalist, The",FALSE
golden globes,2024,82,Best Motion Picture - Musical or Comedy,,Challengers,FALSE
golden globes,2024,82,Best Performance by an Actress in a Motion Picture - Musical or Comedy,Zendaya,Challengers,FALSE
golden globes,2024,82,Best Motion Picture - Drama,,Conclave,FALSE
golden globes,2024,82,Best Performance by an Actor in a Motion Picture - Drama,Ralph Fiennes,Conclave,FALSE
golden globes,2024,82,Best Director - Motion Picture,Edward Berger,Conclave,FALSE
golden globes,2024,82,Best Screenplay - Motion Picture,Peter Straughan,Conclave,TRUE
golden globes,2024,82,Best Motion Picture - Drama,,Dune: Part Two,FALSE
golden globes,2024,82,Best Motion Picture - Musical or Comedy,,Emilia Perez,TRUE
golden globes,2024,82,Best Performance by an Actress in a Motion Picture - Musical or Comedy,Karla Sofia Gascon,Emilia Perez,FALSE
golden globes,2024,82,Best Director - Motion Picture,Jacques Audiard,Emilia Perez,FALSE
golden globes,2024,82,Best Screenplay - Motion Picture,Jacques Audiard,Emilia Perez,FALSE
golden globes,2024,82,Best Performance by an Actor in a Motion Picture - Musical or Comedy,Hugh Grant,Heretic,FALSE
golden globes,2024,82,Best Performance by an Actor in a Motion Picture - Musical or Comedy,Glen Powell,Hit Man,FALSE
golden globes,2024,82,Best Performance by an Actress in a Motion Picture - Drama,Fernanda Torres,I'm Still Here,TRUE
golden globes,2024,82,Best Performance by an Actor in a Motion Picture - Musical or Comedy,Jesse Plemons,Kinds of Kindness,FALSE
golden globes,2024,82,Best Performance by an Actress in a Motion Picture - Drama,Pamela Anderson,"Last Showgirl, The",FALSE
golden globes,2024,82,Best Performance by an Actress in a Motion Picture - Drama,Kate Winslet,Lee,FALSE
golden globes,2024,82,Best Performance by an Actress in a Motion Picture - Drama,Angelina Jolie,Maria,FALSE
golden globes,2024,82,Best Motion Picture - Drama,,Nickel Boys,FALSE
golden globes,2024,82,Best Performance by an Actress in a Motion Picture - Musical or Comedy,Amy Adams,Nightbitch,FALSE
golden globes,2024,82,Best Performance by an Actor in a Motion Picture - Drama,Daniel Craig,Queer,FALSE
golden globes,2024,82,Best Performance by an Actress in a Motion Picture - Drama,Tilda Swinton,"Room Next Door, The",FALSE
golden globes,2024,82,Best Performance by an Actor in a Motion Picture - Musical or Comedy,Gabriel LaBelle,Saturday Night,FALSE
golden globes,2024,82,Best Performance by an Actor in a Motion Picture - Drama,Colman Domingo,Sing Sing,FALSE
golden globes,2024,82,Best Motion Picture - Musical or Comedy,,"Substance, The",FALSE
golden globes,2024,82,Best Performance by an Actress in a Motion Picture - Musical or Comedy,Demi Moore,"Substance, The",TRUE
golden globes,2024,82,Best Director - Motion Picture,Coralie Fargeat,"Substance, The",FALSE
golden globes,2024,82,Best Screenplay - Motion Picture,Coralie Fargeat,"Substance, The",FALSE
golden globes,2024,82,Best Motion Picture - Musical or Comedy,,Wicked,FALSE
golden globes,2024,82,Best Performance by an Actress in a Motion Picture - Musical or Comedy,Cynthia Erivo,Wicked,FALSE
golden globes,2025,83,Best Performance by an Actress in a Motion Picture - Drama,Julia Roberts,After the Hunt,FALSE
golden globes,2025,83,Best Motion Picture - Musical or Comedy,,Blue Moon,FALSE
golden globes,2025,83,Best Performance by an Actor in a Motion Picture - Musical or Comedy,Ethan Hawke,Blue Moon,FALSE
golden globes,2025,83,Best Motion Picture - Musical or Comedy,,Bugonia,FALSE
golden globes,2025,83,Best Performance by an Actress in a Motion Picture - Musical or Comedy,Emma Stone,Bugonia,FALSE
golden globes,2025,83,Best Performance by an Actor in a Motion Picture - Musical or Comedy,Jesse Plemons,Bugonia,FALSE
golden globes,2025,83,Best Performance by an Actress in a Motion Picture - Drama,Jennifer Lawrence,Die My Love,FALSE
golden globes,2025,83,Best Motion Picture - Drama,,Frankenstein,FALSE
golden globes,2025,83,Best Performance by an Actor in a Motion Picture - Drama,Oscar Isaac,Frankenstein,FALSE
golden globes,2025,83,Best Director - Motion Picture,Guillermo del Toro,Frankenstein,FALSE
golden globes,2025,83,Best Motion Picture - Drama,,Hamnet,TRUE
golden globes,2025,83,Best Performance by an Actress in a Motion Picture - Drama,Jessie Buckley,Hamnet,TRUE
golden globes,2025,83,Best Director - Motion Picture,Chloe Zhao,Hamnet,FALSE
golden globes,2025,83,Best Screenplay - Motion Picture,"Chloe Zhao, Maggie O'Farrell",Hamnet,FALSE
golden globes,2025,83,Best Performance by an Actress in a Motion Picture - Drama,Tessa Thompson,Hedda,FALSE
golden globes,2025,83,Best Performance by an Actress in a Motion Picture - Musical or Comedy,Rose Byrne,If I Had Legs I'd Kick You,TRUE
golden globes,2025,83,Best Motion Picture - Drama,,It Was Just an Accident,FALSE
golden globes,2025,83,Best Director - Motion Picture,Jafar Panahi,It Was Just an Accident,FALSE
golden globes,2025,83,Best Screenplay - Motion Picture,Jafar Panahi,It Was Just an Accident,FALSE
golden globes,2025,83,Best Performance by an Actor in a Motion Picture - Musical or Comedy,George Clooney,Jay Kelly,FALSE
golden globes,2025,83,Best Motion Picture - Musical or Comedy,,Marty Supreme,FALSE
golden globes,2025,83,Best Performance by an Actor in a Motion Picture - Musical or Comedy,Timothee Chalamet,Marty Supreme,TRUE
golden globes,2025,83,Best Screenplay - Motion Picture,"Ronald Bronstein, Josh Safdie",Marty Supreme,FALSE
golden globes,2025,83,Best Motion Picture - Musical or Comedy,,No Other Choice,FALSE
golden globes,2025,83,Best Performance by an Actor in a Motion Picture - Musical or Comedy,Lee Byung-Hun,No Other Choice,FALSE
golden globes,2025,83,Best Motion Picture - Musical or Comedy,,Nouvelle Vague,FALSE
golden globes,2025,83,Best Motion Picture - Musical or Comedy,,One Battle After Another,TRUE
golden globes,2025,83,Best Performance by an Actress in a Motion Picture - Musical or Comedy,Chase Infiniti,One Battle After Another,FALSE
golden globes,2025,83,Best Performance by an Actor in a Motion Picture - Musical or Comedy,Leonardo DiCaprio,One Battle After Another,FALSE
golden globes,2025,83,Best Director - Motion Picture,Paul Thomas Anderson,One Battle After Another,TRUE
golden globes,2025,83,Best Screenplay - Motion Picture,Paul Thomas Anderson,One Battle After Another,TRUE
golden globes,2025,83,Best Motion Picture - Drama,,"Secret Agent, The",FALSE
golden globes,2025,83,Best Performance by an Actor in a Motion Picture - Drama,Wagner Moura,"Secret Agent, The",TRUE
golden globes,2025,83,Best Motion Picture - Drama,,Sentimental Value,FALSE
golden globes,2025,83,Best Performance by an Actress in a Motion Picture - Drama,Renate Reinsve,Sentimental Value,FALSE
golden globes,2025,83,Best Director - Motion Picture,Joachim Trier,Sentimental Value,FALSE
golden globes,2025,83,Best Screenplay - Motion Picture,"Joachim Trier, Eskil Vogt",Sentimental Value,FALSE
golden globes,2025,83,Best Motion Picture - Drama,,Sinners,FALSE
golden globes,2025,83,Best Performance by an Actor in a Motion Picture - Drama,Michael B. Jordan,Sinners,FALSE
golden globes,2025,83,Best Director - Motion Picture,Ryan Coogler,Sinners,FALSE
golden globes,2025,83,Best Screenplay - Motion Picture,Ryan Coogler,Sinners,FALSE
golden globes,2025,83,Best Performance by an Actor in a Motion Picture - Drama,Dwayne Johnson,"Smashing Machine, The",FALSE
golden globes,2025,83,Best Performance by an Actress in a Motion Picture - Musical or Comedy,Kate Hudson,Song Sung Blue,FALSE
golden globes,2025,83,Best Performance by an Actress in a Motion Picture - Drama,Eva Victor,"Sorry, Baby",FALSE
golden globes,2025,83,Best Performance by an Actor in a Motion Picture - Drama,Jeremy Allen White,Springsteen: Deliver Me from Nowhere,FALSE
golden globes,2025,83,Best Performance by an Actress in a Motion Picture - Musical or Comedy,Amanda Seyfried,The Testament of Ann Lee,FALSE
golden globes,2025,83,Best Performance by an Actor in a Motion Picture - Drama,Joel Edgerton,Train Dreams,FALSE
golden globes,2025,83,Best Performance by an Actress in a Motion Picture - Musical or Comedy,Cynthia Erivo,Wicked: For Good,FALSE