File,Source,Year,Ceremony,Category,Nominee (Person),Title,Winner
Academy Awards 2016-2025 - Sheet1.csv,oscars,2016,89th,Actor in a Leading Role,Casey Affleck,Manchester by the Sea,TRUE
Academy Awards 2016-2025 - Sheet1.csv,oscars,2016,89th,Actor in a Leading Role,Ryan Gosling,La La Land,FALSE
Academy Awards 2016-2025 - Sheet1.csv,oscars,2016,89th,Actress in a Leading Role,Emma Stone,La La Land,TRUE
Academy Awards 2016-2025 - Sheet1.csv,oscars,2016,89th,Directing,Damien Chazelle,La La Land,FALSE
Academy Awards 2016-2025 - Sheet1.csv,oscars,2016,89th,Directing,Kenneth Lonergan,Manchester by the Sea,FALSE
Academy Awards 2016-2025 - Sheet1.csv,oscars,2016,89th,Best Picture,,La La Land,FALSE
Academy Awards 2016-2025 - Sheet1.csv,oscars,2016,89th,Best Picture,,Manchester by the Sea,FALSE
Academy Awards 2016-2025 - Sheet1.csv,oscars,2016,89th,Writing (Original Screenplay),Damien Chazelle,La La Land,FALSE
Academy Awards 2016-2025 - Sheet1.csv,oscars,2016,89th,Writing (Original Screenplay),Kenneth Lonergan,Manchester by the Sea,TRUE
Academy Awards 2016-2025 - Sheet1.csv,oscars,2017,90th,Actress in a Leading Role,Sally Hawkins,The Shape of Water,FALSE
Academy Awards 2016-2025 - Sheet1.csv,oscars,2017,90th,Directing,Guillermo del Toro,The Shape of Water,TRUE
Academy Awards 2016-2025 - Sheet1.csv,oscars,2017,90th,Best Picture,,The Shape of Water,TRUE
Academy Awards 2016-2025 - Sheet1.csv,oscars,2017,90th,Writing (Original Screenplay),Guillermo del Toro,The Shape of Water,TRUE
Academy Awards 2016-2025 - Sheet1.csv,oscars,2018,91st,Actor in a Leading Role,Christian Bale,Vice,FALSE
Academy Awards 2016-2025 - Sheet1.csv,oscars,2018,91st,Directing,Adam McKay,Vice,FALSE
Academy Awards 2016-2025 - Sheet1.csv,oscars,2018,91st,Best Picture,,Vice,FALSE
Academy Awards 2016-2025 - Sheet1.csv,oscars,2018,91st,Writing (Original Screenplay),Adam McKay,Vice,FALSE
Academy Awards 2016-2025 - Sheet1.csv,oscars,2019,92nd,Actor in a Leading Role,Adam Driver,Marriage Story,FALSE
Academy Awards 2016-2025 - Sheet1.csv,oscars,2019,92nd,Actress in a Leading Role,Scarlett Johansson,Marriage Story,FALSE
Academy Awards 2016-2025 - Sheet1.csv,oscars,2019,92nd,Best Picture,,Marriage Story,FALSE
Academy Awards 2016-2025 - Sheet1.csv,oscars,2019,92nd,Writing (Original Screenplay),Noah Baumbavk,Marriage Story,FALSE
Academy Awards 2016-2025 - Sheet1.csv,oscars,2020,93rd,Actress in a Leading Role,Frances McDormand,Nomadland,TRUE
Academy Awards 2016-2025 - Sheet1.csv,oscars,2020,93rd,Actress in a Leading Role,Carey Mulligan,Promising Young Woman,FALSE
Academy Awards 2016-2025 - Sheet1.csv,oscars,2020,93rd,Directing,Chloe Zhao,Nomadland,TRUE
Academy Awards 2016-2025 - Sheet1.csv,oscars,2020,93rd,Directing,Emerald Fennell,Promising Young Woman,FALSE
Academy Awards 2016-2025 - Sheet1.csv,oscars,2020,93rd,Best Picture,,Nomadland,TRUE
Academy Awards 2016-2025 - Sheet1.csv,oscars,2020,93rd,Best Picture,,Promising Young Woman,FALSE
Academy Awards 2016-2025 - Sheet1.csv,oscars,2020,93rd,Writing (Adapted Screenplay),Chloe Zhao,Nomadland,FALSE
Academy Awards 2016-2025 - Sheet1.csv,oscars,2020,93rd,Writing (Original Screenplay),Emerald Fennell,Promising Young Woman,TRUE
Academy Awards 2016-2025 - Sheet1.csv,oscars,2021,94th,Actor in a Leading Role,Benedict Cumberbatch,The Power of the Dog,FALSE
Academy Awards 2016-2025 - Sheet1.csv,oscars,2021,94th,Directing,Jane Campion,The Power of the Dog,TRUE
Academy Awards 2016-2025 - Sheet1.csv,oscars,2021,94th,Best Picture,,The Power of the Dog,FALSE
Academy Awards 2016-2025 - Sheet1.csv,oscars,2021,94th,Writing (Adapted Screenplay),Jane Campion,The Power of the Dog,FALSE
Academy Awards 2016-2025 - Sheet1.csv,oscars,2022,95th,Actor in a Leading Role,Colin Farrell,The Banshees of Inisherin,FALSE
Academy Awards 2016-2025 - Sheet1.csv,oscars,2022,95th,Actress in a Leading Role,Michelle Williams,The Fabelmans,FALSE
Academy Awards 2016-2025 - Sheet1.csv,oscars,2022,95th,Actress in a Leading Role,Michelle Yeoh,Everything Everywhere All at Once,TRUE
Academy Awards 2016-2025 - Sheet1.csv,oscars,2022,95th,Directing,Martin McDonagh,The Banshees of Inisherin,FALSE
Academy Awards 2016-2025 - Sheet1.csv,oscars,2022,95th,Directing,"Daniel Kwan, Daniel Scheinert",Everything Everywhere All at Once,TRUE
Academy Awards 2016-2025 - Sheet1.csv,oscars,2022,95th,Directing,Steven Spielberg,The Fabelmans,FALSE
Academy Awards 2016-2025 - Sheet1.csv,oscars,2022,95th,Best Picture,,The Banshees of Inisherin,FALSE
Academy Awards 2016-2025 - Sheet1.csv,oscars,2022,95th,Best Picture,,Everything Everywhere All at Once,TRUE
Academy Awards 2016-2025 - Sheet1.csv,oscars,2022,95th,Best Picture,,The Fabelmans,FALSE
Academy Awards 2016-2025 - Sheet1.csv,oscars,2022,95th,Writing (Original Screenplay),Martin McDonagh,The Banshees of Inisherin,FALSE
Academy Awards 2016-2025 - Sheet1.csv,oscars,2022,95th,Writing (Original Screenplay),"Daniel Kwan, Daniel Scheinert",Everything Everywhere All at Once,TRUE
Academy Awards 2016-2025 - Sheet1.csv,oscars,2022,95th,Writing (Original Screenplay),"Steven Spielberg, Tony Kushner",The Fabelmans,FALSE
Academy Awards 2016-2025 - Sheet1.csv,oscars,2023,96th,Actor in a Leading Role,Bradley Cooper,Maestro,FALSE
Academy Awards 2016-2025 - Sheet1.csv,oscars,2023,96th,Actor in a Leading Role,Cillian Murphy,Oppenheimer,TRUE
Academy Awards 2016-2025 - Sheet1.csv,oscars,2023,96th,Actress in a Leading Role,Lily Gladstone,Killers of the Flower Moon,FALSE
Academy Awards 2016-2025 - Sheet1.csv,oscars,2023,96th,Actress in a Leading Role,Carey Mulligan,Maestro,FALSE
Academy Awards 2016-2025 - Sheet1.csv,oscars,2023,96th,Actress in a Leading Role,Emma Stone,Poor Things,TRUE
Academy Awards 2016-2025 - Sheet1.csv,oscars,2023,96th,Directing,Martin Scorsese,Killers of the Flower Moon,FALSE
Academy Awards 2016-2025 - Sheet1.csv,oscars,2023,96th,Directing,Christopher Nolan,Oppenheimer,TRUE
Academy Awards 2016-2025 - Sheet1.csv,oscars,2023,96th,Directing,Yorgos Lanthimos,Poor Things,FALSE
Academy Awards 2016-2025 - Sheet1.csv,oscars,2023,96th,Best Picture,,Killers of the Flower Moon,FALSE
Academy Awards 2016-2025 - Sheet1.csv,oscars,2023,96th,Best Picture,,Maestro,FALSE
Academy Awards 2016-2025 - Sheet1.csv,oscars,2023,96th,Best Picture,,Oppenheimer,TRUE
Academy Awards 2016-2025 - Sheet1.csv,oscars,2023,96th,Best Picture,,Poor Things,FALSE
Academy Awards 2016-2025 - Sheet1.csv,oscars,2023,96th,Writing (Adapted Screenplay),Christopher Nolan,Oppenheimer,FALSE
Academy Awards 2016-2025 - Sheet1.csv,oscars,2023,96th,Writing (Adapted Screenplay),Tony McNamara,Poor Things,FALSE
Academy Awards 2016-2025 - Sheet1.csv,oscars,2023,96th,Writing (Original Screenplay),"Bradley Cooper, Josh Singer",Maestro,FALSE
Academy Awards 2016-2025 - Sheet1.csv,oscars,2024,97th,Actor in a Leading Role,Adrien Brody,The Brutalist,TRUE
Academy Awards 2016-2025 - Sheet1.csv,oscars,2024,97th,Actress in a Leading Role,Karla Sofia Gascon,Emilia Perez,FALSE
Academy Awards 2016-2025 - Sheet1.csv,oscars,2024,97th,Actress in a Leading Role,Mikey Madison,Anora,TRUE
Academy Awards 2016-2025 - Sheet1.csv,oscars,2024,97th,Actress in a Leading Role,Demi Moore,The Substance,FALSE
Academy Awards 2016-2025 - Sheet1.csv,oscars,2024,97th,Directing,Sean Baker,Anora,TRUE
Academy Awards 2016-2025 - Sheet1.csv,oscars,2024,97th,Directing,Brady Corbet,The Brutalist,FALSE
Academy Awards 2016-2025 - Sheet1.csv,oscars,2024,97th,Directing,Coralie Fargeat,The Substance,FALSE
Academy Awards 2016-2025 - Sheet1.csv,oscars,2024,97th,Directing,Jacques Audiard,Emilia Perez,FALSE
Academy Awards 2016-2025 - Sheet1.csv,oscars,2024,97th,Best Picture,,The Brutalist,FALSE
Academy Awards 2016-2025 - Sheet1.csv,oscars,2024,97th,Best Picture,,Emilia Perez,FALSE
Academy Awards 2016-2025 - Sheet1.csv,oscars,2024,97th,Best Picture,,The Substance,FALSE
Academy Awards 2016-2025 - Sheet1.csv,oscars,2024,97th,Best Picture,,Anora,TRUE
Academy Awards 2016-2025 - Sheet1.csv,oscars,2024,97th,Writing (Adapted Screenplay),Jacques Audiard et al.,Emilia Perez,FALSE
Academy Awards 2016-2025 - Sheet1.csv,oscars,2024,97th,Writing (Original Screenplay),Sean Baker,Anora,TRUE
Academy Awards 2016-2025 - Sheet1.csv,oscars,2024,97th,Writing (Original Screenplay),"Brady Corbet, Mona Fastvoid",The Brutalist,FALSE
Academy Awards 2016-2025 - Sheet1.csv,oscars,2024,97th,Writing (Original Screenplay),Coralie Fargeat,The Substance,FALSE
Academy Awards 2016-2025 - Sheet1.csv,oscars,2025,97th,Actor in a Leading Role,Leonardo DiCaprio,One Battle After Another,FALSE
Academy Awards 2016-2025 - Sheet1.csv,oscars,2025,97th,Actor in a Leading Role,Michael B. Jordan,Sinners,TRUE
Academy Awards 2016-2025 - Sheet1.csv,oscars,2025,97th,Actress in a Leading Role,Jessie Buckley,Hamnet,TRUE
Academy Awards 2016-2025 - Sheet1.csv,oscars,2025,97th,Actress in a Leading Role,Renate Reinsve,Sentimental Value,FALSE
Academy Awards 2016-2025 - Sheet1.csv,oscars,2025,97th,Directing,Chloe Zhao,Hamnet,FALSE
Academy Awards 2016-2025 - Sheet1.csv,oscars,2025,97th,Directing,Paul Thomas Anderson,One Battle After Another,TRUE
Academy Awards 2016-2025 - Sheet1.csv,oscars,2025,97th,Directing,Joachim Trier,Sentimental Value,FALSE
Academy Awards 2016-2025 - Sheet1.csv,oscars,2025,97th,Directing,Ryan Coogler,Sinners,FALSE
Academy Awards 2016-2025 - Sheet1.csv,oscars,2025,97th,Best Picture,,Hamnet,FALSE
Academy Awards 2016-2025 - Sheet1.csv,oscars,2025,97th,Best Picture,,One Battle After Another,TRUE
Academy Awards 2016-2025 - Sheet1.csv,oscars,2025,97th,Best Picture,,Sentimental Value,FALSE
Academy Awards 2016-2025 - Sheet1.csv,oscars,2025,97th,Best Picture,,Sinners,FALSE
Academy Awards 2016-2025 - Sheet1.csv,oscars,2025,97th,Writing (Adapted Screenplay),"Chloe Zhao, Maggie O'Farrell",Hamnet,FALSE
Academy Awards 2016-2025 - Sheet1.csv,oscars,2025,97th,Writing (Adapted Screenplay),Paul Thomas Anderson,One Battle After Another,TRUE
Academy Awards 2016-2025 - Sheet1.csv,oscars,2025,97th,Writing (Original Screenplay),"Eskil Vogt, Joachim Trier",Sentimental Value,FALSE
Academy Awards 2016-2025 - Sheet1.csv,oscars,2025,97th,Writing (Original Screenplay),Ryan Coogler,Sinners,TRUE
goldenglobes2015_2025 - golden-globe-awards-csv-2.csv,golden globes,2016,74,Best Motion Picture - Drama,,Manchester by the Sea,FALSE
goldenglobes2015_2025 - golden-globe-awards-csv-2.csv,golden globes,2016,74,Best Motion Picture - Musical or Comedy,,La La Land,TRUE
goldenglobes2015_2025 - golden-globe-awards-csv-2.csv,golden globes,2016,74,Best Performance by an Actor in a Motion Picture - Drama,Casey Affleck,Manchester by the Sea,TRUE
goldenglobes2015_2025 - golden-globe-awards-csv-2.csv,golden globes,2016,74,Best Performance by an Actress in a Motion Picture - Musical or Comedy,Emma Stone,La La Land,TRUE
goldenglobes2015_2025 - golden-globe-awards-csv-2.csv,golden globes,2016,74,Best Performance by an Actor in a Motion Picture - Musical or Comedy,Ryan Gosling,La La Land,TRUE
goldenglobes2015_2025 - golden-globe-awards-csv-2.csv,golden globes,2016,74,Best Director - Motion Picture,Damien Chazelle,La La Land,TRUE
goldenglobes2015_2025 - golden-globe-awards-csv-2.csv,golden globes,2016,74,Best Director - Motion Picture,Kenneth Lonergan,Manchester by the Sea,FALSE
goldenglobes2015_2025 - golden-globe-awards-csv-2.csv,golden globes,2016,74,Best Screenplay - Motion Picture,Damien Chazelle,La La Land,TRUE
goldenglobes2015_2025 - golden-globe-awards-csv-2.csv,golden globes,2016,74,Best Screenplay - Motion Picture,Kenneth Lonergan,Manchester by the Sea,FALSE
goldenglobes2015_2025 - golden-globe-awards-csv-2.csv,golden globes,2017,75,Best Motion Picture - Drama,,The Shape of Water,FALSE
goldenglobes2015_2025 - golden-globe-awards-csv-2.csv,golden globes,2017,75,Best Performance by an Actress in a Motion Picture - Drama,Sally Hawkins,The Shape of Water,FALSE
goldenglobes2015_2025 - golden-globe-awards-csv-2.csv,golden globes,2017,75,Best Director - Motion Picture,Guillermo del Toro,The Shape of Water,TRUE
goldenglobes2015_2025 - golden-globe-awards-csv-2.csv,golden globes,2017,75,Best Screenplay - Motion Picture,"Guillermo del Toro, Vanessa Taylor",The Shape of Water,FALSE
goldenglobes2015_2025 - golden-globe-awards-csv-2.csv,golden globes,2018,76,Best Motion Picture - Musical or Comedy,,Vice,FALSE
goldenglobes2015_2025 - golden-globe-awards-csv-2.csv,golden globes,2018,76,Best Performance by an Actor in a Motion Picture - Musical or Comedy,Christian Bale,Vice,TRUE
goldenglobes2015_2025 - golden-globe-awards-csv-2.csv,golden globes,2018,76,Best Director - Motion Picture,Adam McKay,Vice,FALSE
goldenglobes2015_2025 - golden-globe-awards-csv-2.csv,golden globes,2018,76,Best Screenplay - Motion Picture,Adam McKay,Vice,FALSE
goldenglobes2015_2025 - golden-globe-awards-csv-2.csv,golden globes,2019,77,Best Motion Picture - Drama,,Marriage Story,FALSE
goldenglobes2015_2025 - golden-globe-awards-csv-2.csv,golden globes,2019,77,Best Performance by an Actress in a Motion Picture - Drama,Scarlett Johansson,Marriage Story,FALSE
goldenglobes2015_2025 - golden-globe-awards-csv-2.csv,golden globes,2019,77,Best Performance by an Actor in a Motion Picture - Drama,Adam Driver,Marriage Story,FALSE
goldenglobes2015_2025 - golden-globe-awards-csv-2.csv,golden globes,2019,77,Best Screenplay - Motion Picture,Noah Baumbach,Marriage Story,FALSE
goldenglobes2015_2025 - golden-globe-awards-csv-2.csv,golden globes,2020,78,Best Motion Picture - Drama,,Nomadland,TRUE
goldenglobes2015_2025 - golden-globe-awards-csv-2.csv,golden globes,2020,78,Best Motion Picture - Drama,,Promising Young Woman,FALSE
goldenglobes2015_2025 - golden-globe-awards-csv-2.csv,golden globes,2020,78,Best Performance by an Actress in a Motion Picture - Drama,Frances McDormand,Nomadland,FALSE
goldenglobes2015_2025 - golden-globe-awards-csv-2.csv,golden globes,2020,78,Best Performance by an Actress in a Motion Picture - Drama,Carey Mulligan,Promising Young Woman,FALSE
goldenglobes2015_2025 - golden-globe-awards-csv-2.csv,golden globes,2020,78,Best Director - Motion Picture,Emerald Fennell,Promising Young Woman,FALSE
goldenglobes2015_2025 - golden-globe-awards-csv-2.csv,golden globes,2020,78,Best Director - Motion Picture,Chloe Zhao,Nomadland,TRUE
goldenglobes2015_2025 - golden-globe-awards-csv-2.csv,golden globes,2020,78,Best Screenplay - Motion Picture,Emerald Fennell,Promising Young Woman,FALSE
goldenglobes2015_2025 - golden-globe-awards-csv-2.csv,golden globes,2020,78,Best Screenplay - Motion Picture,Chloe Zhao,Nomadland,FALSE
goldenglobes2015_2025 - golden-globe-awards-csv-2.csv,golden globes,2021,79,Best Motion Picture - Drama,,The Power of the Dog,TRUE
goldenglobes2015_2025 - golden-globe-awards-csv-2.csv,golden globes,2021,79,Best Performance by an Actor in a Motion Picture - Drama,Benedict Cumberbatch,The Power of the Dog,FALSE
goldenglobes2015_2025 - golden-globe-awards-csv-2.csv,golden globes,2021,79,Best Director - Motion Picture,Jane Campion,The Power of the Dog,TRUE
goldenglobes2015_2025 - golden-globe-awards-csv-2.csv,golden globes,2021,79,Best Screenplay - Motion Picture,Jane Campion,The Power of the Dog,FALSE
goldenglobes2015_2025 - golden-globe-awards-csv-2.csv,golden globes,2022,80,Best Motion Picture - Drama,,The Fabelmans,TRUE
goldenglobes2015_2025 - golden-globe-awards-csv-2.csv,golden globes,2022,80,Best Motion Picture - Musical or Comedy,,The Banshees of Inisherin,TRUE
goldenglobes2015_2025 - golden-globe-awards-csv-2.csv,golden globes,2022,80,Best Motion Picture - Musical or Comedy,,Everything Everywhere All at Once,FALSE
goldenglobes2015_2025 - golden-globe-awards-csv-2.csv,golden globes,2022,80,Best Performance by an Actress in a Motion Picture - Drama,Michelle Williams,The Fabelmans,FALSE
goldenglobes2015_2025 - golden-globe-awards-csv-2.csv,golden globes,2022,80,Best Performance by an Actress in a Motion Picture - Musical or Comedy,Michelle Yeoh,Everything Everywhere All at Once,TRUE
goldenglobes2015_2025 - golden-globe-awards-csv-2.csv,golden globes,2022,80,Best Performance by an Actor in a Motion Picture - Musical or Comedy,Colin Farrell,The Banshees of Inisherin,TRUE
goldenglobes2015_2025 - golden-globe-awards-csv-2.csv,golden globes,2022,80,Best Director - Motion Picture,"Daniel Kwan, Daniel Scheinert",Everything Everywhere All at Once,FALSE
goldenglobes2015_2025 - golden-globe-awards-csv-2.csv,golden globes,2022,80,Best Director - Motion Picture,Martin McDonagh,The Banshees of Inisherin,FALSE
goldenglobes2015_2025 - golden-globe-awards-csv-2.csv,golden globes,2022,80,Best Director - Motion Picture,Steven Spielberg,The Fabelmans,TRUE
goldenglobes2015_2025 - golden-globe-awards-csv-2.csv,golden globes,2022,80,Best Screenplay - Motion Picture,"Daniel Kwan, Daniel Scheinert",Everything Everywhere All at Once,FALSE
goldenglobes2015_2025 - golden-globe-awards-csv-2.csv,golden globes,2022,80,Best Screenplay - Motion Picture,Martin McDonagh,The Banshees of Inisherin,TRUE
goldenglobes2015_2025 - golden-globe-awards-csv-2.csv,golden globes,2022,80,Best Screenplay - Motion Picture,"Steven Spielberg, Tony Kushner",The Fabelmans,FALSE
goldenglobes2015_2025 - golden-globe-awards-csv-2.csv,golden globes,2023,81,Best Motion Picture - Drama,,Oppenheimer,TRUE
goldenglobes2015_2025 - golden-globe-awards-csv-2.csv,golden globes,2023,81,Best Motion Picture - Drama,,Maestro,FALSE
goldenglobes2015_2025 - golden-globe-awards-csv-2.csv,golden globes,2023,81,Best Motion Picture - Drama,,Killers of the Flower Moon,FALSE
goldenglobes2015_2025 - golden-globe-awards-csv-2.csv,golden globes,2023,81,Best Motion Picture - Musical or Comedy,,Poor Things,TRUE
goldenglobes2015_2025 - golden-globe-awards-csv-2.csv,golden globes,2023,81,Best Performance by an Actress in a Motion Picture - Drama,Carey Mulligan,Maestro,FALSE
goldenglobes2015_2025 - golden-globe-awards-csv-2.csv,golden globes,2023,81,Best Performance by an Actress in a Motion Picture - Drama,Lily Gladstone,Killers of the Flower Moon,TRUE
goldenglobes2015_2025 - golden-globe-awards-csv-2.csv,golden globes,2023,81,Best Performance by an Actor in a Motion Picture - Drama,Cillian Murphy,Oppenheimer,TRUE
goldenglobes2015_2025 - golden-globe-awards-csv-2.csv,golden globes,2023,81,Best Performance by an Actor in a Motion Picture - Drama,Leonardo DiCaprio,Killers of the Flower Moon,FALSE
goldenglobes2015_2025 - golden-globe-awards-csv-2.csv,golden globes,2023,81,Best Performance by an Actor in a Motion Picture - Drama,Bradley Cooper,Maestro,FALSE
goldenglobes2015_2025 - golden-globe-awards-csv-2.csv,golden globes,2023,81,Best Performance by an Actress in a Motion Picture - Musical or Comedy,Emma Stone,Poor Things,TRUE
goldenglobes2015_2025 - golden-globe-awards-csv-2.csv,golden globes,2023,81,Best Director - Motion Picture,Bradley Cooper,Maestro,FALSE
goldenglobes2015_2025 - golden-globe-awards-csv-2.csv,golden globes,2023,81,Best Director - Motion Picture,Yorgos Lanthimos,Poor Things,FALSE
goldenglobes2015_2025 - golden-globe-awards-csv-2.csv,golden globes,2023,81,Best Director - Motion Picture,Christopher Nolan,Oppenheimer,TRUE
goldenglobes2015_2025 - golden-globe-awards-csv-2.csv,golden globes,2023,81,Best Director - Motion Picture,Martin Scorsese,Killers of the Flower Moon,FALSE
goldenglobes2015_2025 - golden-globe-awards-csv-2.csv,golden globes,2023,81,Best Screenplay - Motion Picture,Christopher Nolan,Oppenheimer,FALSE
goldenglobes2015_2025 - golden-globe-awards-csv-2.csv,golden globes,2023,81,Best Screenplay - Motion Picture,"Eric Roth, Martin Scorsese",Killers of the Flower Moon,FALSE
goldenglobes2015_2025 - golden-globe-awards-csv-2.csv,golden globes,2023,81,Best Screenplay - Motion Picture,Tony McNamara,Poor Things,FALSE
goldenglobes2015_2025 - golden-globe-awards-csv-2.csv,golden globes,2024,82,Best Motion Picture - Drama,,The Brutalist,TRUE
goldenglobes2015_2025 - golden-globe-awards-csv-2.csv,golden globes,2024,82,Best Motion Picture - Musical or Comedy,,Anora,FALSE
goldenglobes2015_2025 - golden-globe-awards-csv-2.csv,golden globes,2024,82,Best Motion Picture - Musical or Comedy,,Emilia Perez,TRUE
goldenglobes2015_2025 - golden-globe-awards-csv-2.csv,golden globes,2024,82,Best Motion Picture - Musical or Comedy,,The Substance,FALSE
goldenglobes2015_2025 - golden-globe-awards-csv-2.csv,golden globes,2024,82,Best Performance by an Actor in a Motion Picture - Drama,Adrien Brody,The Brutalist,TRUE
goldenglobes2015_2025 - golden-globe-awards-csv-2.csv,golden globes,2024,82,Best Performance by an Actress in a Motion Picture - Musical or Comedy,Karla Sofia Gascon,Emilia Perez,FALSE
goldenglobes2015_2025 - golden-globe-awards-csv-2.csv,golden globes,2024,82,Best Performance by an Actress in a Motion Picture - Musical or Comedy,Mikey Madison,Anora,FALSE
goldenglobes2015_2025 - golden-globe-awards-csv-2.csv,golden globes,2024,82,Best Performance by an Actress in a Motion Picture - Musical or Comedy,Demi Moore,The Substance,TRUE
goldenglobes2015_2025 - golden-globe-awards-csv-2.csv,golden globes,2024,82,Best Director - Motion Picture,Jacques Audiard,Emilia Perez,FALSE
goldenglobes2015_2025 - golden-globe-awards-csv-2.csv,golden globes,2024,82,Best Director - Motion Picture,Sean Baker,Anora,FALSE
goldenglobes2015_2025 - golden-globe-awards-csv-2.csv,golden globes,2024,82,Best Director - Motion Picture,Brady Corbet,The Brutalist,TRUE
goldenglobes2015_2025 - golden-globe-awards-csv-2.csv,golden globes,2024,82,Best Director - Motion Picture,Coralie Fargeat,The Substance,FALSE
goldenglobes2015_2025 - golden-globe-awards-csv-2.csv,golden globes,2024,82,Best Screenplay - Motion Picture,Jacques Audiard,Emilia Perez,FALSE
goldenglobes2015_2025 - golden-globe-awards-csv-2.csv,golden globes,2024,82,Best Screenplay - Motion Picture,Sean Baker,Anora,FALSE
goldenglobes2015_2025 - golden-globe-awards-csv-2.csv,golden globes,2024,82,Best Screenplay - Motion Picture,"Brady Corbet, Mona Fastvold",The Brutalist,FALSE
goldenglobes2015_2025 - golden-globe-awards-csv-2.csv,golden globes,2024,82,Best Screenplay - Motion Picture,Coralie Fargeat,The Substance,FALSE
goldenglobes2015_2025 - golden-globe-awards-csv-2.csv,golden globes,2025,83,Best Motion Picture - Drama,,Hamnet,TRUE
goldenglobes2015_2025 - golden-globe-awards-csv-2.csv,golden globes,2025,83,Best Motion Picture - Drama,,Sentimental Value,FALSE
goldenglobes2015_2025 - golden-globe-awards-csv-2.csv,golden globes,2025,83,Best Motion Picture - Drama,,Sinners,FALSE
goldenglobes2015_2025 - golden-globe-awards-csv-2.csv,golden globes,2025,83,Best Motion Picture - Musical or Comedy,,One Battle After Another,TRUE
goldenglobes2015_2025 - golden-globe-awards-csv-2.csv,golden globes,2025,83,Best Performance by an Actress in a Motion Picture - Drama,Jessie Buckley,Hamnet,TRUE
goldenglobes2015_2025 - golden-globe-awards-csv-2.csv,golden globes,2025,83,Best Performance by an Actress in a Motion Picture - Drama,Renate Reinsve,Sentimental Value,FALSE
goldenglobes2015_2025 - golden-globe-awards-csv-2.csv,golden globes,2025,83,Best Performance by an Actor in a Motion Picture - Drama,Michael B. Jordan,Sinners,FALSE
goldenglobes2015_2025 - golden-globe-awards-csv-2.csv,golden globes,2025,83,Best Performance by an Actress in a Motion Picture - Musical or Comedy,Chase Infiniti,One Battle After Another,FALSE
goldenglobes2015_2025 - golden-globe-awards-csv-2.csv,golden globes,2025,83,Best Performance by an Actor in a Motion Picture - Musical or Comedy,Leonardo DiCaprio,One Battle After Another,FALSE
goldenglobes2015_2025 - golden-globe-awards-csv-2.csv,golden globes,2025,83,Best Director - Motion Picture,Paul Thomas Anderson,One Battle After Another,TRUE
goldenglobes2015_2025 - golden-globe-awards-csv-2.csv,golden globes,2025,83,Best Director - Motion Picture,Ryan Coogler,Sinners,FALSE
goldenglobes2015_2025 - golden-globe-awards-csv-2.csv,golden globes,2025,83,Best Director - Motion Picture,Joachim Trier,Sentimental Value,FALSE
goldenglobes2015_2025 - golden-globe-awards-csv-2.csv,golden globes,2025,83,Best Director - Motion Picture,Chloe Zhao,Hamnet,FALSE
goldenglobes2015_2025 - golden-globe-awards-csv-2.csv,golden globes,2025,83,Best Screenplay - Motion Picture,Paul Thomas Anderson,One Battle After Another,TRUE
goldenglobes2015_2025 - golden-globe-awards-csv-2.csv,golden globes,2025,83,Best Screenplay - Motion Picture,Ryan Coogler,Sinners,FALSE
goldenglobes2015_2025 - golden-globe-awards-csv-2.csv,golden globes,2025,83,Best Screenplay - Motion Picture,"Eskil Vogt, Joachim Trier",Sentimental Value,FALSE
goldenglobes2015_2025 - golden-globe-awards-csv-2.csv,golden globes,2025,83,Best Screenplay - Motion Picture,"Chloe Zhao, Maggie O'Farrell",Hamnet,FALSE